dataset,obs_fraction,noise_fraction,cases,physics_necessary_rate,physics_unnecessary_rate,physics_rejected_rate,mean_physics_gain,mean_data_only_error,mean_physics_error
allen_cahn,0.03,0.0,5,0.6,0.2,0.0,0.003356196985933549,0.055376693325853196,0.052020496339919654
allen_cahn,0.03,0.01,5,0.8,0.0,0.0,0.0031333011088827425,0.047837480417591074,0.04470417930870833
allen_cahn,0.03,0.03,5,1.0,0.0,0.0,0.005191455366740816,0.05212087541508005,0.046929420048339235
allen_cahn,0.03,0.05,5,1.0,0.0,0.0,0.005592292553552798,0.0605397236554566,0.05494743110190381
allen_cahn,0.05,0.0,5,1.0,0.0,0.0,0.00457592986710451,0.04352487192524642,0.038948942058141915
allen_cahn,0.05,0.01,5,0.6,0.2,0.0,0.002022116191726062,0.033410111312106916,0.03138799512038085
allen_cahn,0.05,0.03,5,1.0,0.0,0.0,0.0062905995677603795,0.04575600691137266,0.03946540734361228
allen_cahn,0.05,0.05,5,1.0,0.0,0.0,0.008755320983622417,0.055108266793254514,0.046352945809632104
allen_cahn,0.1,0.0,5,0.2,0.4,0.0,-7.133024582864772e-05,0.016513902985248914,0.01658523323107756
allen_cahn,0.1,0.01,5,0.2,0.0,0.0,0.0009398473955666293,0.019523634536439315,0.018583787140872686
allen_cahn,0.1,0.03,5,1.0,0.0,0.0,0.007185113083241384,0.03045612447917146,0.023271011395930075
allen_cahn,0.1,0.05,5,1.0,0.0,0.0,0.01237595865587239,0.04204691384104502,0.02967095518517262
allen_cahn,0.2,0.0,5,0.0,0.2,0.0,-0.0008619865571878018,0.009233755094179195,0.010095741651366997
allen_cahn,0.2,0.01,5,1.0,0.0,0.0,0.0016214476628641631,0.012618532871143683,0.010997085208279522
allen_cahn,0.2,0.03,5,1.0,0.0,0.0,0.011355919829260947,0.025380747796636953,0.014024827967376008
allen_cahn,0.2,0.05,5,1.0,0.0,0.0,0.020833412513761425,0.04210344929352653,0.021270036779765106
burgers,0.03,0.0,5,0.6,0.2,0.0,0.007205851888075909,0.150238825223271,0.1430329733351951
burgers,0.03,0.01,5,0.0,0.2,0.0,0.003692510493930995,0.13729124734099635,0.13359873684706536
burgers,0.03,0.03,5,0.6,0.4,0.0,0.00709941566626233,0.13606243881164154,0.1289630231453792
burgers,0.03,0.05,5,0.4,0.2,0.0,0.005324523808221543,0.15273333773417322,0.14740881392595168
burgers,0.05,0.0,5,0.0,0.6,0.0,0.0021020051761823947,0.11142190015215821,0.1093198949759758
burgers,0.05,0.01,5,0.2,0.4,0.0,0.0026857317205595784,0.10537541140909235,0.10268967968853275
burgers,0.05,0.03,5,0.2,0.4,0.0,0.003950376208260211,0.1262860136903241,0.12233563748206389
burgers,0.05,0.05,5,0.2,0.0,0.0,0.0046699718164510354,0.11636655827396473,0.11169658645751371
burgers,0.1,0.0,5,0.2,0.4,0.2,0.0026495064331968853,0.08457801218048253,0.08192850574728563
burgers,0.1,0.01,5,0.2,0.6,0.0,0.001618233205191072,0.08051120166169337,0.0788929684565023
burgers,0.1,0.03,5,0.2,0.6,0.0,0.0007910581028871627,0.07843568550898898,0.07764462740610181
burgers,0.1,0.05,5,1.0,0.0,0.0,0.005945236265478581,0.09148458506926693,0.08553934880378836
burgers,0.2,0.0,5,0.0,0.4,0.8,0.0006972331185012518,0.05594036563379305,0.0552431325152918
burgers,0.2,0.01,5,0.2,0.2,0.4,0.001967172673615654,0.06203582133455854,0.06006864866094289
burgers,0.2,0.03,5,0.2,0.2,0.0,-0.000724568723902895,0.05802753116245046,0.05875209988635336
burgers,0.2,0.05,5,1.0,0.0,0.0,0.007509176342984683,0.0663768669073464,0.05886769056436172
kdv,0.03,0.0,5,1.0,0.0,0.0,0.00546171487849387,0.052105889384003866,0.04664417450551
kdv,0.03,0.01,5,1.0,0.0,0.0,0.008026419392650079,0.06201426950770158,0.05398785011505151
kdv,0.03,0.03,5,1.0,0.0,0.0,0.00710242731400849,0.05877659870792442,0.05167417139391593
kdv,0.03,0.05,5,1.0,0.0,0.0,0.009089451788891232,0.06438689451595822,0.05529744272706699
kdv,0.05,0.0,5,0.8,0.0,0.0,0.0033274332894521206,0.03206527184139969,0.02873783855194757
kdv,0.05,0.01,5,0.6,0.2,0.0,0.003011909935342985,0.031154972218535092,0.028143062283192112
kdv,0.05,0.03,5,1.0,0.0,0.0,0.007883088358186513,0.04323704868832455,0.03535396033013804
kdv,0.05,0.05,5,1.0,0.0,0.0,0.00892490705004924,0.049842421807412975,0.04091751475736373
kdv,0.1,0.0,5,0.6,0.0,0.2,0.0025028701956939237,0.018966370672754758,0.016463500477060834
kdv,0.1,0.01,5,1.0,0.0,0.0,0.0030650417400741076,0.018690641329346717,0.01562559958927261
kdv,0.1,0.03,5,1.0,0.0,0.0,0.008210817938728177,0.02554066715400417,0.017329849215275993
kdv,0.1,0.05,5,1.0,0.0,0.0,0.013719610658237671,0.039588785926524296,0.025869175268286627
kdv,0.2,0.0,5,0.4,0.4,0.0,8.698701692497523e-05,0.0037181789566555754,0.0036311919397306004
kdv,0.2,0.01,5,1.0,0.0,0.0,0.0032703552522871495,0.009402826539979682,0.0061324712876925334
kdv,0.2,0.03,5,1.0,0.0,0.0,0.012415512340734467,0.024806657481013437,0.01239114514027897
kdv,0.2,0.05,5,1.0,0.0,0.0,0.02135949672974789,0.04130819719297375,0.019948700463225864
ks,0.03,0.0,5,1.0,0.0,0.0,0.0077934104161991495,0.04382818152520831,0.03603477110900916
ks,0.03,0.01,5,0.8,0.0,0.2,0.0028351419306239154,0.026214919219706867,0.02337977728908295
ks,0.03,0.03,5,1.0,0.0,0.0,0.004041613595462183,0.034463341223911426,0.03042172762844924
ks,0.03,0.05,5,1.0,0.0,0.0,0.005876134643815753,0.04322251701022113,0.037346382366405376
ks,0.05,0.0,5,1.0,0.0,0.0,0.0017520080285261142,0.016420775126965503,0.01466876709843939
ks,0.05,0.01,5,1.0,0.0,0.0,0.0028798260486722995,0.022784035808616633,0.01990420975994433
ks,0.05,0.03,5,1.0,0.0,0.0,0.004163159329360391,0.02474035959957823,0.02057720027021784
ks,0.05,0.05,5,1.0,0.0,0.0,0.008072096715654828,0.037349293005156346,0.029277196289501522
ks,0.1,0.0,5,0.4,0.2,0.6,0.00031025810705226825,0.004776139586624155,0.004465881479571886
ks,0.1,0.01,5,1.0,0.0,0.0,0.0020807166464885075,0.010106224927690094,0.008025508281201587
ks,0.1,0.03,5,1.0,0.0,0.0,0.008444715854187245,0.023244320550011858,0.01479960469582461
ks,0.1,0.05,5,1.0,0.0,0.0,0.01415395093730642,0.038569747060149505,0.024415796122843083
ks,0.2,0.0,5,0.0,0.2,0.8,2.1844393599224986e-05,0.0020567061919873893,0.0020348617983881644
ks,0.2,0.01,5,0.8,0.0,0.2,0.003081828995204402,0.008674312708601004,0.005592483713396602
ks,0.2,0.03,5,1.0,0.0,0.0,0.01222452432506976,0.024696005058467467,0.012471480733397707
ks,0.2,0.05,5,1.0,0.0,0.0,0.021994027051287106,0.04158839198370204,0.019594364932414933
nls,0.03,0.0,5,0.2,0.4,0.0,0.0018853132698190612,0.07048117083529484,0.06859585756547579
nls,0.03,0.01,5,0.6,0.2,0.0,0.0026746655858208763,0.06173311694002407,0.05905845135420319
nls,0.03,0.03,5,0.6,0.0,0.0,0.003323298018865424,0.06550883752045134,0.06218553950158591
nls,0.03,0.05,5,1.0,0.0,0.0,0.005220786749359667,0.07650983213546556,0.07128904538610589
nls,0.05,0.0,5,0.2,0.2,0.0,0.0012109167442382412,0.04330473156961625,0.04209381482537801
nls,0.05,0.01,5,0.2,0.6,0.0,0.0015929360353540505,0.04252828645827659,0.04093535042292253
nls,0.05,0.03,5,0.8,0.0,0.0,0.003733676418804023,0.04756655038747837,0.043832873968674343
nls,0.05,0.05,5,1.0,0.0,0.0,0.008627002132550155,0.06076120456060528,0.05213420242805511
nls,0.1,0.0,5,0.0,0.0,0.0,-0.002194661984622249,0.019817012913475825,0.02201167489809807
nls,0.1,0.01,5,0.2,0.0,0.0,-0.0006892716798501078,0.021918431924234073,0.02260770360408418
nls,0.1,0.03,5,1.0,0.0,0.0,0.006013191429445691,0.030391963949996402,0.02437877252055071
nls,0.1,0.05,5,1.0,0.0,0.0,0.014725076068020305,0.04569991528716007,0.03097483921913976
nls,0.2,0.0,5,0.0,0.2,0.0,-0.00028186189682584406,0.009749134658211768,0.010030996555037612
nls,0.2,0.01,5,0.0,0.2,0.0,-0.0006943388643838522,0.012937754237922827,0.01363209310230668
nls,0.2,0.03,5,1.0,0.0,0.0,0.012000058180923307,0.028614076856321634,0.01661401867539833
nls,0.2,0.05,5,1.0,0.0,0.0,0.02373504018745904,0.046569888710106574,0.022834848522647534
