candidate,step,time,kinetic_energy,enstrophy,dissipation,divergence_l2,divergence_max,max_cfl
reference_dns,0,0.0,0.12508125000000003,0.3763812500000001,0.007527625000000002,3.8590613702740797e-16,1.5269134179459328e-15,0.005150710731044334
reference_dns,2,0.004,0.12505114315806193,0.3762900118262105,0.007525800236524211,3.982888419518279e-16,1.7297662020452812e-15,0.005150297640147035
reference_dns,4,0.008,0.12502104356400068,0.376200052672653,0.00752400105345306,4.192902953196703e-16,1.661604822812918e-15,0.005149866359944685
reference_dns,6,0.012,0.124990951115592,0.3761113701071249,0.007522227402142498,3.8566241882860777e-16,1.9108839674904048e-15,0.005149416905204812
reference_dns,8,0.016,0.12496086571080547,0.37602396171876207,0.0075204792343752415,4.1876657963714333e-16,2.11442071682208e-15,0.0051489492924266895
reference_dns,10,0.02,0.12493078724780268,0.37593782511791235,0.007518756502358248,3.9260272760531447e-16,1.7535994697395519e-15,0.005148463539834522
reference_dns,12,0.024,0.12490071562493549,0.37585295793600937,0.007517059158720188,4.220871121134702e-16,1.9216891451287717e-15,0.005147959667370431
reference_dns,14,0.028,0.1248706507407444,0.3757693578254456,0.007515387156508913,4.045645457592974e-16,1.5363986092605685e-15,0.0051474376966872465
reference_dns,16,0.032,0.1248405924939569,0.37568702245944563,0.007513740449188913,4.1662336637425312e-16,1.6413303182515883e-15,0.0051468976511411454
reference_dns,18,0.036000000000000004,0.12481054078348588,0.37560594953193904,0.007512118990638781,3.736536930609529e-16,1.5711485016595324e-15,0.005146339555784058
reference_dns,20,0.04,0.12478049550842775,0.3755261367574342,0.007510522735148684,4.387216595395855e-16,1.8236999552210412e-15,0.005145763437355928
baseline_robust_dns,0,0.0,0.11769375000000004,0.35421875000000025,0.008501250000000005,3.9886632517740193e-16,1.5011099962446106e-15,0.004997922366444105
baseline_robust_dns,2,0.004,0.11765974996749459,0.3541154513858995,0.008498770833261587,4.044330453370752e-16,2.2711045312380148e-15,0.004997394482008021
baseline_robust_dns,4,0.008,0.11762575979673143,0.3540132966019165,0.008496319118445997,4.065633789959566e-16,1.8901644193079465e-15,0.004996849816858554
baseline_robust_dns,6,0.012,0.11759177937802764,0.353912283049989,0.008493894793199737,3.872636433002152e-16,2.0990850014315444e-15,0.004996288390529084
baseline_robust_dns,8,0.016,0.11755780860194895,0.3538124081512326,0.008491497795629582,3.837748067641589e-16,1.803620869012608e-15,0.004995710224047348
baseline_robust_dns,10,0.02,0.11752384735930763,0.35371366934581183,0.008489128064299484,4.158003516450118e-16,1.841988929458865e-15,0.004995115339928108
baseline_robust_dns,12,0.024,0.11748989554116088,0.35361606409281177,0.008486785538227482,4.3778752415519413e-16,1.9134972674398104e-15,0.0049945037621656795
baseline_robust_dns,14,0.028,0.11745595303880887,0.35351958987011023,0.008484470156882645,4.107019613453349e-16,1.795793864328476e-15,0.0049938755162263005
baseline_robust_dns,16,0.032,0.11742201974379299,0.35342424417425,0.008482181860182,4.026009283504309e-16,1.8289889057986388e-15,0.004993230629040365
baseline_robust_dns,18,0.036000000000000004,0.11738809554789409,0.3533300245203105,0.008479920588487452,3.99741893440017e-16,1.4702777822219475e-15,0.004992569128994526
baseline_robust_dns,20,0.04,0.11735418034313069,0.3532369284417807,0.008477686282602736,4.081936167029008e-16,1.6483765892141786e-15,0.004991891045923626
learned_calibrated_dns,0,0.0,0.126334375,0.380140625,0.0076028125,3.7789950579775287e-16,1.8246893883610983e-15,0.005176175460663138
learned_calibrated_dns,2,0.004,0.12630396744381234,0.3800484973070548,0.007600969946141096,4.320139516038635e-16,2.120246268458133e-15,0.0051757604257781685
learned_calibrated_dns,4,0.008,0.1262735672056456,0.3799576740636909,0.0075991534812738185,4.285850527338825e-16,2.177777256535733e-15,0.005175326954941496
learned_calibrated_dns,6,0.012,0.12624317418124303,0.3798681527896567,0.007597363055793134,4.3433225712001397e-16,1.823014149465856e-15,0.005174875063090505
learned_calibrated_dns,8,0.016,0.12621278826654564,0.3797799310266498,0.007595598620532996,4.919228861969691e-16,1.8812835677009862e-15,0.005174404766935446
learned_calibrated_dns,10,0.02,0.1261824093576901,0.37969300633818714,0.007593860126763743,4.850411811391837e-16,2.3933725093682274e-15,0.00517391608495244
learned_calibrated_dns,12,0.024,0.12615203735100725,0.3796073763094744,0.007592147526189488,4.757852846638511e-16,1.9957287258084156e-15,0.005173409037376309
learned_calibrated_dns,14,0.028,0.12612167214302017,0.37952303854727587,0.007590460770945518,4.740436629591881e-16,1.999399030373921e-15,0.005172883646193197
learned_calibrated_dns,16,0.032,0.12609131363044251,0.3794399906797833,0.007588799813595666,4.3236111708210837e-16,1.8773809287218477e-15,0.005172339935133008
learned_calibrated_dns,18,0.036000000000000004,0.12606096171017692,0.37935823035648586,0.007587164607129718,4.606579628718483e-16,1.9294366012216815e-15,0.005171777929661641
learned_calibrated_dns,20,0.04,0.1260306162793131,0.3792777552480391,0.007585555104960782,4.2741951045836826e-16,1.8549594202312445e-15,0.00517119765697306
learned_aggressive_dns,0,0.0,0.15133125000000003,0.45513125000000015,0.0063718375000000015,4.769364805419988e-16,2.0034110522429155e-15,0.005660005428180579
learned_aggressive_dns,2,0.004,0.1513057648039695,0.4550546311511604,0.006370764836116245,5.814536555721338e-16,2.4981562883276265e-15,0.005659766740914674
learned_aggressive_dns,4,0.008,0.15128028384676762,0.45497986284848607,0.006369718079878804,5.710779522030694e-16,2.528867982656453e-15,0.00565950456194926
learned_aggressive_dns,6,0.012,0.15125480702483282,0.45490694263369197,0.006368697196871687,4.682354072122211e-16,2.1593584681544993e-15,0.005659218897977427
learned_aggressive_dns,8,0.016,0.15122933423474022,0.4548358680829647,0.0063677021531615054,5.331344356417489e-16,2.285811769180201e-15,0.005658909758409779
learned_aggressive_dns,10,0.02,0.15120386537319974,0.45476663680680895,0.006366732915295325,5.426379982304753e-16,2.2640244550615994e-15,0.0056585771553675605
learned_aggressive_dns,12,0.024,0.15117840033705404,0.4546992464498919,0.006365789450298486,5.62946406234727e-16,2.474595870748115e-15,0.005658221103675394
learned_aggressive_dns,14,0.028,0.15115293902327687,0.4546336946908863,0.006364871725672408,5.555310281854089e-16,2.322024191889228e-15,0.0056578416208536465
learned_aggressive_dns,16,0.032,0.15112748132897091,0.4545699792423147,0.006363979709392405,5.494851678349712e-16,2.221691972386318e-15,0.005657438727110417
learned_aggressive_dns,18,0.036000000000000004,0.15110202715136606,0.4545080978503909,0.006363113369905473,5.769617917075755e-16,2.250604369487811e-15,0.0056570124453331335
learned_aggressive_dns,20,0.04,0.1510765763878174,0.4544480482948625,0.006362272676128075,5.4270117908685e-16,2.32391379717395e-15,0.0056565628010798044
baseline_robust_dns,0,0.0,0.11769375000000004,0.35421875000000025,0.008501250000000005,3.9886632517740193e-16,1.5011099962446106e-15,0.004997922366444105
baseline_robust_dns,2,0.004,0.11765974996749459,0.3541154513858995,0.008498770833261587,4.044330453370752e-16,2.2711045312380148e-15,0.004997394482008021
baseline_robust_dns,4,0.008,0.11762575979673143,0.3540132966019165,0.008496319118445997,4.065633789959566e-16,1.8901644193079465e-15,0.004996849816858554
baseline_robust_dns,6,0.012,0.11759177937802764,0.353912283049989,0.008493894793199737,3.872636433002152e-16,2.0990850014315444e-15,0.004996288390529084
baseline_robust_dns,8,0.016,0.11755780860194895,0.3538124081512326,0.008491497795629582,3.837748067641589e-16,1.803620869012608e-15,0.004995710224047348
baseline_robust_dns,10,0.02,0.11752384735930763,0.35371366934581183,0.008489128064299484,4.158003516450118e-16,1.841988929458865e-15,0.004995115339928108
baseline_robust_dns,12,0.024,0.11748989554116088,0.35361606409281177,0.008486785538227482,4.3778752415519413e-16,1.9134972674398104e-15,0.0049945037621656795
baseline_robust_dns,14,0.028,0.11745595303880887,0.35351958987011023,0.008484470156882645,4.107019613453349e-16,1.795793864328476e-15,0.0049938755162263005
baseline_robust_dns,16,0.032,0.11742201974379299,0.35342424417425,0.008482181860182,4.026009283504309e-16,1.8289889057986388e-15,0.004993230629040365
baseline_robust_dns,18,0.036000000000000004,0.11738809554789409,0.3533300245203105,0.008479920588487452,3.99741893440017e-16,1.4702777822219475e-15,0.004992569128994526
baseline_robust_dns,20,0.04,0.11735418034313069,0.3532369284417807,0.008477686282602736,4.081936167029008e-16,1.6483765892141786e-15,0.004991891045923626
learned_sensor_overfit_field,20,0.04,0.11762029193124438,0.3621585393758612,0.008691804945020669,4.160142213778312e-16,1.9097089497301703e-15,0.005093346588836369
